company_name,title,location,job_types,tags,is_remote
flatexDEGIRO AG,Werkstudent/in HR Operations (m/w/d),Frankfurt,"['Working student', 'hilfstätigkeit / student']",['Administration'],False
univativ GmbH,Werkstudent (m/w/d) Support,Hanover,[],['IT'],False
Anear,Mobile Developer (Founding Team Option),Munich,['berufserfahren'],['Software Development'],False
Competence on Top GmbH,Finance & HR Manager*in (m/w/d),Augsburg,[],['Finance'],False
Grashoff & Schumm MC GmbH & Co. KG,Studentische Hilfskraft (w/m/d) im Recruiting,Bielefeld,"['Working student', 'hilfstätigkeit / student']",['Recruitment and Selection'],False
Cyberguard Connect,Teamleitung OT-Security (m/w/d),Berlin,['berufserfahren'],"['Remote', 'IT Security']",True
univativ GmbH,Projektingenieur (m/w/d) für Projektsteuerung im Bereich Bahn Infrastruktur,Munich,[],['Engineering'],False
hallo theo,Werkstudent:in Finance (m/w/d),Berlin,"['Side', 'hilfstätigkeit / student']",['Finance'],False
Bragi,Lead QA Engineer,Munich,['professional / experienced'],"['Remote', 'Engineering']",True
bits&birds GmbH,Brand Manager (m/w/d),Frankfurt,[],['Marketing and Communication'],False
Peter Park System GmbH,Teamlead Sales (w/m/d),Munich,[],['IT'],False
univativ GmbH,Strategischer Projektleiter (m/w/d) Gesamtfahrzeug,Affalterbach,[],['Engineering'],False
SolarEdge,Technical Account Manager - DACH,Munich,['Full-time'],['Remote'],True
AchtBerlin,Werkstudent Social Media Marketing (w/m/d),Berlin,"['Working student', 'hilfstätigkeit / student']",['Social Media Manager'],False
PURE ONE,Pure One Sucht Einen (Junior) Influencer-Marketing Manager:in,Berlin,['berufserfahren'],['Marketing and Communication'],False
ganss personal GmbH,244 IT-Systemadministrator (m/w/d) 80% Homeoffice-Remote in Kiel,Kiel,[],['Information Systems'],False
univativ GmbH,Product Support Specialist (m/w/d) Aftersales,Affalterbach,[],['Engineering'],False
CUJU,IOS Engineer Swift & Kotlin Multiplatform (m/w/d) 01.02.2026,Munich,[],['Software Development'],False
GFN GmbH,Kundenberatung für Bildungsträger in unserem Trainingscenter in Stuttgart - Vollzeit (m/w/x) ID5,Stuttgart,[],['Administration'],False
Peter Park System GmbH,(Junior) Customer Success Manager:in (m/w/d),Munich,['teamleitung'],['IT'],False
Mytheresa,IT Application Administrator (f/m/d),Munich,['berufserfahren'],['Applications Administration'],False
GFN GmbH,Assistenz in der Administration und Kundenbetreuung in unserem Trainingscenter in Stuttgart - Vollzeit (m/w/x) ID5,Stuttgart,['berufseinstieg'],['Administration'],False
SAERTEX GmbH & Co. KG,Werkstudent Corporate Strategy (m/w/d),Saerbeck,['Working student'],['Business Analyst'],False
Elb-Connect,Dein Einstieg als Kundenberater (m/w/d),Magdeburg,[],['Marketing and Communication'],False
F.X. Rauch GmbH und Co. KG,Personalsachbearbeiter:in (m/w/d) 20-25 h/Woche,Munich,['berufserfahren'],['Recruitment and Selection'],False
KI group GmbH,Lead Full-Stack Software Engineer,Köln,"['Full-time permanent', 'experienced']","['Information technology', ""bachelor's degree""]",False
ganss personal GmbH,Projektassistenz (m/w/d) 80% Remote in Magdeburg,Magdeburg,[],['Information Systems'],False
Myrga Media Lab GmbH,TV Planner & Manager (all genders) | 30-40 Std/Woche | remote | ab sofort,Karlsruhe,['berufserfahren'],"['Remote', 'Media Planning', 'Purchasing']",True
JobAtlas,Social Media Manager (m/w/d) - Steuerberatungskanzlei,Aurich,[],['Social Media Manager'],False
OPEN Digital Experience,Grafiker*in / Mediengestalter*in (all genders),Berlin,[],"['Remote', 'Graphic Arts and Communication Design']",True
Kaumarie,CRM/E-Commerce Manager (10-15h/Woche in Berlin),Berlin,"['Freelance', 'berufserfahren']","['CRM', 'Direct Marketing']",False
dokSAFE GmbH,Senior Backend Developer (m/w/d),Leipzig,['berufserfahren'],['Software Development'],False
BC Deutschland GmbH,Personalsachbearbeiter (m/w/d),Hamm,['berufserfahren'],['Administration'],False
CognitX AI GmbH,AI / LLM Engineering (Werkstudent),Darmstadt,['professional / experienced'],"['Remote', 'Automation Engineering']",True
WKN Datentechnik GmbH,Prozessmanager (m/w/d) Vollzeitjob als Quereinsteiger,Balve,"['Side', 'berufseinstieg']","['Remote', 'Management', 'Team Leader']",True
Diebold Nixdorf Germany,Servicetechniker im Außendienst (m/w/d) für Banken- und Handelssysteme,Paderborn,['Contract'],"['Remote', 'Engineering']",True
peeps - the social club,IT-Co-Founder/in,Würzburg,['Freelance'],"['Remote', 'Software Development']",True
Whow Games GmbH,Customer Care Specialist (m/w/d) - Gaming Community,Hamburg,[],"['CRM', 'Direct Marketing']",False
PraxisServicePlus GmbH,Customer Onboarding Specialist (m/w/d) für AMANDOmed,Stadtallendorf,[],"['Remote', 'Project Management']",True
altitude,Performance Marketing - Working Student,Berlin,['Working student'],['Online Marketing'],False
EGB Unternehmensberatung GmbH,Werkstudent Unternehmensberatung (m/w/d),Lüdinghausen,['hilfstätigkeit / student'],['Business Consulting'],False
STRIVE Publishing GmbH,Projektmanagement Events & Marketing (m/w/d),Hamburg,['berufseinstieg'],['Marketing and Communication'],False
Key Company Nürnberg,Verkäufer (m/w/d),Nuremberg,[],['Business Consulting'],False
S&F Steuerberatungsgesellschaft mbH,Ausbildung zum Steuerfachangestellten (m/w/d) - Start 2026,Bitburg,['Apprenticeship'],['Finance'],False
TELUS Digital,Personalized Internet Ads Assessor - German (IT),Berlin,['entry'],"['Remote', 'Data Scientist']",True
SONOTEC GmbH,Qualitätsingenieur (m/w/d),Halle (Saale),['berufserfahren'],['Quality Management'],False
projo,Architekt:in | Controller:in für den Bereich Support,Berlin,['berufserfahren'],['Controlling'],False
Wavestone Germany AG,Berater SAP VIM (m/w/d) (Ref.Nr.: 45648),Munich,"['Freelance', 'berufserfahren']","['Remote', 'IT']",True
think about IT GmbH,Mitarbeiter Technical Services (m/w/d),Bochum,[],['IT'],False
think about IT GmbH,Microsoft Azure / Intune Specialist (m/w/d),Bochum,[],['IT'],False
think about IT GmbH,Security Engineer (m/w/d),Bochum,[],['IT'],False
Glow25 (by Primal State Performance GmbH),Influencer & Creator Marketing Manager FRANCE (all genders),Rottendorf,['berufserfahren'],"['Remote', 'Marketing and Communication']",True
Glow25 (by Primal State Performance GmbH),Influencer & Creator Marketing Manager FRANCE (all genders),Rottendorf,['professional / experienced'],"['Remote', 'Marketing and Communication']",True
think about IT GmbH,Working Student Business Development X Controlling (m/w/d),Bochum,['berufserfahren'],['Controlling'],False
Taxtalente.de,"Steuerberater (m/w/d) in Chemnitz, auf Wunsch mit Partnerperspektive, gesucht - mindestens 90.000€",Chemnitz,[],"['Directors', 'Chief Executives']",False
PERGOLUX,Working Student Office Management,Fulda,['Side'],['HR'],False
Growing Imaginations GmbH,Internship Founders Associate / Entrepreneur-in-Residence / Strategic Projects (all genders) - fully remote,Berlin,"['Internship', 'berufseinstieg']","['Remote', 'Business Development']",True
think about IT GmbH,IT-System Engineer (m/w/d),Bochum,[],['IT'],False
think about IT GmbH,IT Support / IT Administrator - interne IT (m/w/d),Mainz,[],['IT'],False
think about IT GmbH,Service-Desk Dispatching (m/w/d),Bad Soden,[],['IT'],False
Nutrition-Plus Germany e.K.,Influencer Marketing Manager (m/w/d) - Vollzeit/Teilzeit - 100% im Homeoffice,Grafschaft,['berufserfahren'],"['Remote', 'Social Media Manager']",True
Additive Drives GmbH,Marketing Manager (w/m/d) E-Mobilität in Dresden,Dresden,[],['Marketing and Communication'],False
BTB Berlin GmbH,Referent Marketing + Kommunikation (m/w/d),Berlin,"['Contract', 'berufserfahren']",['Marketing and Communication'],False
think about IT GmbH,Senior IT Administrator (m/w/d),Bochum,[],['IT'],False
think about IT GmbH,Service Desk Spezialist - Onsite in Köln (m/w/d),Cologne,[],['IT'],False
Taxtalente.de,"Steuerberater (m/w/d) in Leipzig , auf Wunsch mit Partnerperspektive, gesucht - mindestens 90.000€",Leipzig,[],"['Directors', 'Chief Executives']",False
JetztJob,Steuerfachangestellte (m/w/d),Erding,['berufserfahren'],['Finance'],False
Bonial International GmbH,Staff Product Manager - Marketing Tech / User Acquisition (Web) (f/m/x),Berlin,"['Full-time permanent', 'mid']","['Information technology', ""bachelor's degree""]",False
Kapitel 2,Vertriebsmarketingmanager:in,Lübeck,['teamleitung'],['Marketing Manager'],False
INP Deutschland GmbH,Senior Ingenieur Verfahrenstechnik / Rohrleitungsplanung (m/w/d),Römerberg,['berufserfahren'],['Project Management'],False
audibene GmbH,Alternative zum Einzelhandel in Bad Lauchstädt,Bad Lauchstädt,[],['Customer Service'],False
audibene GmbH,Kund:innenberatung Hörgeräte in Bad Lauchstädt,Bad Lauchstädt,[],['Customer Service'],False
audibene GmbH,Quereinstieg Hörakustik in Bad Lauchstädt,Bad Lauchstädt,[],['Customer Service'],False
audibene GmbH,Teamassistenz Hörakustik in Bad Lauchstädt,Bad Lauchstädt,[],['Customer Service'],False
INP Deutschland GmbH,Mitarbeiter Controlling  (m/w/d),Römerberg,['berufserfahren'],['Controlling'],False
Zentso S GmbH,Product Engineer,Berlin,['professional / experienced'],['Software Development'],False
audibene GmbH,Teamassistenz Hörakustik in Kempen,Kempen,[],['Customer Service'],False
audibene GmbH,Quereinstieg Hörakustik in Kempen,Kempen,[],['Customer Service'],False
audibene GmbH,Kund:innenberatung Hörgeräte in Kempen,Kempen,[],['Customer Service'],False
audibene GmbH,Alternative zum Einzelhandel in Kempen,Kempen,[],['Customer Service'],False
audibene GmbH,Teamassistenz Hörakustik in Bochum,Bochum,[],['Customer Service'],False
audibene GmbH,Quereinstieg Hörakustik in Bochum,Bochum,[],['Customer Service'],False
audibene GmbH,Kund:innenberatung Hörgeräte in Bochum,Bochum,[],['Customer Service'],False
audibene GmbH,Alternative zum Einzelhandel in Bochum,Bochum,[],['Customer Service'],False
audibene GmbH,Teamassistenz Hörakustik in Bad Liebenstein,Bad Liebenstein,[],['Customer Service'],False
LIFEBRANDS Natural Food GmbH,E-Commerce-Manager (m/w/d),Hamburg,['berufserfahren'],['Web Development'],False
audibene GmbH,Quereinstieg Hörakustik in Bad Liebenstein,Bad Liebenstein,[],['Customer Service'],False
audibene GmbH,Kund:innenberatung Hörgeräte in Bad Liebenstein,Bad Liebenstein,[],['Customer Service'],False
audibene GmbH,Alternative zum Einzelhandel in Bad Liebenstein,Bad Liebenstein,[],['Customer Service'],False
Taxtalente.de,"Steuerberater (m/w/d) in Dresden, auf Wunsch mit Partnerperspektive, gesucht - mindestens 90.000€",Dresden,[],"['Directors', 'Chief Executives']",False
Nord-Ostsee-Automobile SE & Co. KG,Marketeer (m/w/d),Hamburg,[],['Marketing and Communication'],False
audibene GmbH,Quereinstieg Hörakustik in Darmstadt,Darmstadt,[],['Customer Service'],False
audibene GmbH,Teamassistenz Hörakustik in Darmstadt,Darmstadt,[],['Customer Service'],False
We Love X GmbH,SEO Content Manager (m/w/d) – Deutschsprachig,Berlin,['professional / experienced'],"['Remote', 'Marketing and Communication']",True
EMIL Group GmbH,Recruiter (w/m/d),Berlin,['berufserfahren'],['HR'],False
MY Humancapital GmbH,Qualitätsingenieur / Quality Assurance Engineer (m/w/d) in Bonn,Bonn,[],['Quality Management'],False
univativ GmbH,Konstrukteur (m/w/d),Neustadt an der Donau,[],['Engineering'],False
univativ GmbH,Testingenieur (m/w/d) Softwaretesting & Automatisierung,Mannheim,[],['IT'],False
audibene GmbH,Ausbildung Hörakustik in Berlin- Lichtenrade,Berlin,['Apprenticeship'],['Customer Service'],False
Pertemps ERP,SAP HCM Consultants (German Payroll),Frankfurt,['professional / experienced'],"['Remote', 'Business Consulting']",True
Nord-Ostsee-Automobile SE & Co. KG,Marketeer (m/w/d),Hamburg,[],['Marketing and Communication'],False
audibene GmbH,Quereinstieg Hörakustik in Darmstadt,Darmstadt,[],['Customer Service'],False
audibene GmbH,Teamassistenz Hörakustik in Darmstadt,Darmstadt,[],['Customer Service'],False
We Love X GmbH,SEO Content Manager (m/w/d) – Deutschsprachig,Berlin,['professional / experienced'],"['Remote', 'Marketing and Communication']",True
EMIL Group GmbH,Recruiter (w/m/d),Berlin,['berufserfahren'],['HR'],False
MY Humancapital GmbH,Qualitätsingenieur / Quality Assurance Engineer (m/w/d) in Bonn,Bonn,[],['Quality Management'],False
univativ GmbH,Konstrukteur (m/w/d),Neustadt an der Donau,[],['Engineering'],False
univativ GmbH,Testingenieur (m/w/d) Softwaretesting & Automatisierung,Mannheim,[],['IT'],False
audibene GmbH,Ausbildung Hörakustik in Berlin- Lichtenrade,Berlin,['Apprenticeship'],['Customer Service'],False
Pertemps ERP,SAP HCM Consultants (German Payroll),Frankfurt,['professional / experienced'],"['Remote', 'Business Consulting']",True
MARAWE GmbH & Co. KG,Fachkraft für Marketing & Kommunikation (m/w/d),Regensburg,[],['Marketing and Communication'],False
Patronus,Webdesigner Webflow (m/w/d) - Berlin,Berlin,[],['Graphic Arts and Communication Design'],False
leadity GmbH,"Senior Fullstack Developer - B2B SaaS (gn) - Hamburg, Münster",Hamburg,[],['Software Development'],False
OVAL GERMANY GMBH,Open Application – Creation,Berlin,['berufserfahren'],['Graphic Arts and Communication Design'],False
Schnittenliebe,E-Commerce und Ads Manager*in für DIY-Onlineshop Start-up,Günzburg,[],"['Remote', 'Online Marketing']",True
Lionment GmbH - Career,(Junior) Consultant (m/w/d),Hamburg,[],['Business Consulting'],False
TaTeeTaTa,MediengestalterIn oder KommunikationsdesignerIn (Minijob oder Teilzeit),Inzell,['berufserfahren'],['Graphic Arts and Communication Design'],False
KENJO,Customer Operations Working Student / Intern (f/m/d),Berlin,['Working student'],['Customer Service'],False
DTAD GmbH,Fullstack Entwickler (m/w/d),Berlin,[],['Software Development'],False
Dr. Heilmaier & Partner GmbH,Verwaltungsassistenz (m/w/d),Krefeld,[],['Finance'],False
Allegro Packets GmbH,Application Engineer (m/w/d),Leipzig,['berufserfahren'],['Helpdesk'],False
Glückliche Gäste GmbH,Systemadministrator (m/w/d),Hechingen,[],"['Remote', 'IT Security']",True
univativ GmbH,Software Quality Engineer (m/w/d) Automotive,Affalterbach,[],['IT'],False
RBX GmbH,Werkstudent*in HR/Personal (m/w/d),Hamburg,"['Working student', 'hilfstätigkeit / student']",['HR'],False
much. GmbH,Senior Sales ERP Consultant (m/w/d),Munich,['berufserfahren'],['Business Consulting'],False
Thommel I&H GmbH,IT-Mitarbeiter/Betreuer (m/w/d),Ravensburg,[],['IT'],False
much. GmbH,Senior Solutions ERP Consultant (m/w/d),Munich,['berufserfahren'],['Business Consulting'],False
univativ GmbH,IT-Supporter (m/w/d) im Service Desk Vollzeit oder Teilzeit / (Werkstudenten),Hünfeld,[],['IT'],False
much. GmbH,Sales ERP Consultant (m/w/d),Munich,['berufserfahren'],['Business Consulting'],False
much. GmbH,Solutions ERP Consultant (m/w/d),Munich,['berufserfahren'],['Business Consulting'],False
ivl Informationsverarbeitung Leverkusen  GmbH,IT-Systemadministrator:in Automatisierung / DevOps (m/w/d),Leverkusen,['berufserfahren'],['System and Network Administration'],False
univativ GmbH,Eventmanager (m/w/d),Stuttgart,[],['Marketing and Communication'],False
G&S IT Group GmbH,Software-Tester Qualitätssicherung (m/w/d),Osnabrück,[],['IT'],False
univativ GmbH,Finanzbuchhalter (m/w/d) Wirtschaftsprüfung,Leipzig,[],['Finance'],False
SNS Connect GmbH,Junior Consultant in der Informationssicherheit (m/w/d),Darmstadt,[],['IT Security'],False
acoris AG,System Architect (m/w/d),Darmstadt,[],['Information Systems'],False
Adsmasters GmbH,Freelance Videograf & Video-Editor (m/w/d) für Social Media,Düsseldorf,['Freelance'],"['Media', 'Screen and Web Design']",False
Paymentology,Account Manager,Berlin,['Full time'],['Remote'],True
Sportstech Brands Holding GmbH,HR Manager (m/w/d),Berlin,[],"['Management', 'Team Leader']",False
SkySails Power GmbH,Testingenieur (m/w/d) Höhenwindenergieanlage,Hamburg,[],['Engineering'],False
Enloc,Projektmanager in der Energiewirtschaft (m/w/d),Dresden,[],['Project Management'],False
Factorial,Sales Account Executive DACH Markt (Köln),Cologne,[],"['Management', 'Team Leader']",False
Taxtalente.de,"Steuerberater (m/w/d) in Bonn, auf Wunsch mit Partnerperspektive, gesucht - mindestens 90.000€",Bonn,[],"['Directors', 'Chief Executives']",False
minimi,Ich (w/m/x) Jura (Legal Tech) im Home Office,Berlin,['Working student'],"['Remote', 'Software Development']",True
Valorbyte UG (haftungsbeschränkt),Designer & Illustrator (2D Game Art),Karlsruhe,[],"['Remote', 'Media', 'Screen and Web Design']",True
QTalents - Real Estate Recruiting,(Senior) Technische*r Property Manager*in (m/w/d) für eine neue Niederlassung - bis ca. 75.000 € Jahresgehalt,Berlin,[],['Engineering'],False
EFactory,Tech-Co-Founder (m/w/d),Osnabrück,['berufserfahren'],"['Remote', 'Consulting', 'Engineering']",True
kiresult,Backend Developer - Full-Time (all genders),Bonn,[],"['Remote', 'IT']",True
Move + Smile Immobilienentwicklung und Beratungsgesellschaft GmbH,Teamassistenz / kaufm. Mitarbeiter (w/m/d),Ditzingen,['berufserfahren'],['Finance'],False
Leanio GmbH,C# Entwickler (m/w/d),Passau,[],['Software Development'],False
Leanio GmbH,Softwareentwickler C# (m/w/d),Passau,[],['Software Development'],False
Papero,Co-Founder: Marketing & Sales,Lippstadt,['geschäftsleitung'],"['Remote', 'Social Media Manager']",True
b.sonders GmbH,Designer (w/m/d) Geschenkartikel & Print,Erkrath,[],['Graphic Arts and Communication Design'],False
nuuEnergy GmbH,Head of Product,Munich,[],['Engineering'],False
MicroHarvest GmbH,Content Creator,Hamburg,['Working student'],['Marketing and Communication'],False
B2C Fintech,Founding Head of Marketing/Growth (German speaking),Berlin,['geschäftsleitung'],['Marketing Manager'],False
Schwape GmbH,DevOps Intern (f/m/d),Potsdam,['entry'],['Software Development'],False
Amperecloud GmbH,Customer Success Manager (m/w/d),Berlin,['berufserfahren'],['Customer Service'],False
ITconfig/all GmbH,IT-Systemadministrator (m/w/d) - 1381,Korntal-Münchingen,['berufseinstieg'],['System and Network Administration'],False
L1VE GmbH,Head of Brand Partnerships (International) (m/f/d),Berlin,[],['Business Development'],False
hellomateo,Controller (m/w/d) - Software Startup,Berlin,['berufserfahren'],['Controlling'],False
Longevity Partner GmbH,Working Student - Operations Longevity Conference (m/f/x),Berlin,['Working student'],['Marketing and Communication'],False
ju:niz Energy GmbH,Teamlead (m/w/d) Co-Development & M&A – Energy Storage Projects,Munich,['berufserfahren'],['Project Management'],False
hellomateo,Office Manager (m/f/d) - Part-Time,Berlin,[],['Administration'],False
Chaos,Working Student - Social Media Marketing (m/f/d),Karlsruhe,"['Contract', 'student (college)']","['Marketing and pr', ""bachelor's degree""]",False
eder - Agentur für Produktkommunikation,Mediengestalter:in,Hamburg,['berufserfahren'],['Graphic Arts and Communication Design'],False
VIA HealthTech,Marketing & Automation Lead - Digital Health & Growth (m/w/d),Berlin,['berufserfahren'],['Marketing and Communication'],False
Born Originals GmbH,Marketing Manager (m/w/d),Wilhelmshaven,['berufserfahren'],['Marketing Manager'],False
RealStudio,Video Editor/ Cutter (m/w/d) (Social Media/Short-Form-Content) TikTok/ Instagram Reels/ YouTube Shorts,Berlin,[],['Social Media Manager'],False
G&S IT Group GmbH,Marketing Assistant (m/w/d),Osnabrück,[],['Marketing and Communication'],False
Schwape GmbH,Frontend Developer (f/m/d),Potsdam,['professional / experienced'],['Web Development'],False
Die ITeen-Schmiede,Minijob: Marketing Manager:in (m/w/d),Albstadt,"['Side', 'berufserfahren']","['Remote', 'Marketing Manager']",True
ju:niz Energy GmbH,Project Development Manager (m/w/d) – Co-Development & M&A (Energy Storage),Munich,['berufserfahren'],['Project Management'],False
Clariness GmbH,Finance Assistent (f/m/d),Hamburg,[],['Finance'],False
Assecor GmbH,AI & Automation Specialist (m/w/d),Berlin,['berufserfahren'],['Software Development'],False
agap2 - moOngy GmbH,Facilities Manager (m/w/d),Hamburg,[],"['Building', 'Supply', 'Safety Services Engineering']",False
Green TC GmbH,Marketing- & Eventmanager (m/w/d),Paderborn,[],['Marketing and Communication'],False
Green TC GmbH,IT- & E-Commerce-Support (m/w/d),Paderborn,[],['IT'],False
Samsung SDS Europe Ltd. German Branch (Logistics Division),Human Resources Manager,Eschborn,['manager'],"['Management', 'Team Leader']",False
hellomateo,(Senior) Solution Engineer (m/w/d) - Software Startup,Berlin,['berufserfahren'],"['Consulting', 'Engineering']",False
accompio GmbH,IT-Systemadministator (m/w/d) Modern Workplace - deutschlandweit,Einbeck,['berufserfahren'],['System and Network Administration'],False
RealStudio,Videograf Social Media (m/w/d),Berlin,[],['Social Media Manager'],False
Studyscript,Werkstudent:in SEO-Texter (m/w/d),Mainz,['Working student'],"['Remote', 'Online Marketing']",True
univativ GmbH,Technischer Berater (m/w/d),Regensburg,[],['IT'],False
trafficdesign GmbH,Digital Consultant - Performance Marketing (m/w/d),Cologne,['berufserfahren'],['Online Marketing'],False
trafficdesign GmbH,Senior Online Marketing Manager:in (m/w/d),Cologne,['berufserfahren'],['Online Marketing'],False
trafficdesign GmbH,Online Marketing Projektmanager:in (m/w/d),Cologne,['berufserfahren'],['Online Marketing'],False
Catella Engineering GmbH,Projektingenieur (m/w/d) Brennstoffzellensysteme im Automotive Bereich,Kirchheim unter Teck,[],['Engineering'],False
UnternehmerTUM GmbH,Software Engineer,Garching,"['Full-time', 'entry']","['Internet and software', ""bachelor's degree""]",False
UnternehmerTUM GmbH,Product Manager,Garching,"['Full-time', 'entry']","['Other', ""bachelor's degree""]",False
wd3 GmbH Xbrick,Koordinator:in Internationaler Vertrieb & Marketing (m/w/d) für Xbrick® Das Multifunktionsmöbel,Stuttgart,['berufseinstieg'],"['Management', 'Team Leader']",False
QUESTALPHA GmbH & Co. KG,Sachbearbeiter Fertigungssteuerung (m/w/d),Eschenburg,[],['Engineering'],False
iconCXM GmbH,Head of Projects (m/w/d),Stuttgart,['teamleitung'],"['Remote', 'Project Management']",True
Hasomed GmbH,QA Engineer / Software Test Engineer (m/f/d),Magdeburg,[],['Business Development'],False
ATS Gesellschaft für angewandte technische Systeme mbH,People Operations Officer  (m/w/d) als Elternzeitvertretung,Kassel,['berufserfahren'],['Personnel Specialist'],False
QUESTALPHA GmbH & Co. KG,Spezialist für Qualifizierung / Validierung (m/w/d),Eschenburg,[],['Engineering'],False
BRÜGGEN ENGINEERING GmbH,Labormitarbeiter R&D (m/w/d) Pharmazie in Ludwigshafen am Rhein (1005),Ludwigshafen,[],['Engineering'],False
pflege.de | web care LBJ GmbH,Werkstudent (m/w/d) HR mit Schwerpunkt Recruiting,Hamburg,"['Working student', 'hilfstätigkeit / student']",['HR'],False
TAUBER Unternehmensgruppe,Kalkulator:in in der Kampfmittelräumung (w/m/d) auch für Quereinsteiger geeignet,Weiterstadt,['berufserfahren'],['Process Engineering'],False
Jürgen Tausch Personnel Service,Teamleiter Controlling (m/w/d),Dresden,['berufserfahren'],['Controlling'],False
allaboutHRLaw GmbH,Junior HR Business Partner (m/w/d) in Teilzeit,Munich,[],['HR'],False
nedeco GmbH,Fullstack-Entwickler,Nordhorn,[],['Software Development'],False
Level Nine,Senior Process Engineer (FOAK Scale-up & Development),Berlin,['manager'],['Engineering'],False
TAUBER Unternehmensgruppe,Geophysiker:in (m/w/d) - Weiterstadt,Weiterstadt,['berufserfahren'],['Process Engineering'],False
BrandLift GmbH,Steuerfachangestellte auf Minijob-Basis,Berlin,['berufserfahren'],['Finance'],False
Strategy Core Ventures GmbH,Marketing Manager (m/w/d),Hamburg,[],['Online Marketing'],False
JobAtlas,Projektentwickler (m/w/d) mit Schwerpunkt Flächenakquise - Erneuerbare Energien,Mainz,[],['Project Management'],False
Strategy Core Ventures GmbH,Senior Sales Manager (m/w/d),Hamburg,[],"['Management', 'Team Leader']",False
JobAtlas,Erfahrener Projektmanager (m/w/d) - Windenergie,Hanover,[],['Project Management'],False
JobAtlas,Erfahrener Projektmanager (m/w/d) - Windenergie,Leer,[],['Project Management'],False
JobAtlas,Erfahrener Projektmanager (m/w/d) - Windenergie,Mainz,[],['Project Management'],False
JobAtlas,Senior Projektentwickler Wind (m/w/d) - Schwerpunkt Genehmigungsplanung,Oldenburg,[],['Project Management'],False
Strategy Core Ventures GmbH,Werkstudent Online Marketing (m/w/d),Hamburg,['Working student'],['Online Marketing'],False
JobAtlas,(Senior) Financial Controller (m/w/d) - Analyse und Strategie,Essen,[],['Controlling'],False
JobAtlas,Projektentwickler (m/w/d) Batteriespeicher BESS - Erneuerbare Energien,Mainz,[],['Project Management'],False
JobAtlas,Projektmanager (m/w/d) Batteriespeicher BESS - Erneuerbare Energien,Hanover,[],['Project Management'],False
JobAtlas,Projektmanager (m/w/d) Batteriespeicher BESS - Erneuerbare Energien,Berlin,[],['Project Management'],False
JobAtlas,Projektmanager (m/w/d) Batteriespeicher BESS - Erneuerbare Energien,Leer,[],['Project Management'],False
DICOS,System-Administrator It-Betrieb (W/M/D),Darmstadt,['berufseinstieg'],['IT'],False
JobAtlas,Projektmanager Batteriespeicher (m/w/d) - Schwerpunkt Genehmigungsplanung,Hanover,[],['Power Engineering and Environmental Engineering'],False
DICOS,It Operations Consultant (W/M/D),Darmstadt,['berufserfahren'],['IT'],False
IONOS SE,Software Architect (w/m/d) AI Agent Ecosystem,Karlsruhe,[],['Product Management'],False
Doctario GmbH,"Intern, Business Development [€2.300/Monat]",Grünwald,"['Internship', 'berufseinstieg']",['Business Development'],False
K-tronik GmbH,Software Entwicklungsingenieur (m/w/d),Frankfurt,['berufserfahren'],['Engineering'],False
Busemann & Schremmer Immobilien,MINI-JOB Technischer Objektbetreuer/ Gebäudeaufnehmer in der Energieberatung (m/w/d),Garbsen,[],['Power Engineering and Environmental Engineering'],False
APD Schlauchtechnik GmbH,Industriemechaniker/in (m/w/d),Mülheim,[],['Engineering'],False
citema systems GmbH,Anwendungsentwickler (m/w/d) Qt/C++,Munich,[],['IT'],False
sera Gruppe,Werkstudent (M/W/D) - Produktmanagement,Immenhausen,['Working student'],['Engineering'],False
Moore TK,MANAGER:IN ESG ADVISORY (M/W/D),Berlin,[],['Finance'],False
univativ GmbH,Entwicklungsingenieur (m/w/d) Konstruktion HV-Thermomanagement / Bauraum,Mannheim,[],['Engineering'],False
Personalberatung Susan Lange,Steuerberater (m/w/d) in Voll- oder Teilzeit,Rostock,[],['Finance'],False
IONOS SE,Full Stack Developer (w/m/d),Karlsruhe,[],['Product Management'],False
Tiens,Customer Service Coordinator (m/f/d),Berlin,['professional / experienced'],['Customer Service'],False
Schreinerei Vogel,Schreiner (m/w/d),Frankfurt am Main,[],['Customer Service'],False
Personalberatung Susan Lange,Bilanzbuchhalter (m/w/d) in Voll- oder Teilzeit,Rostock,[],['Finance'],False
Eltako GmbH,Lead Developer für Embedded Systems (m/w/d),Fellbach,[],"['Embedded Systems', 'Firmware Development']",False
Personalberatung Susan Lange,Projektleiter (m/w/d) Baubetreuung,Rostock,[],['Engineering'],False
Vision4Quality GmbH,Teamleiter Softwareentwicklung,Würzburg,[],['Engineering'],False
Wavestone Germany AG,COBOL-Entwickler (m/w/d) (Ref.Nr.: 45645),Munich,"['Freelance', 'berufserfahren']","['Remote', 'IT']",True
MAOMAO Technologies,Buchhalterin auf Minijob-Basis (m/w/d) für unseren Online Asia Shop,Berlin,['Side'],['Finance'],False
Byrd GmbH,E-Commerce Brand & Content Manager (m/w/d) - Hybrid oder Remote,Landau,[],['Product Management'],False
TECOSIM GmbH,Software Entwicklungsingenieur (all genders),Frankfurt am Main,"['Full-time permanent', 'experienced']","['Engineering', 'high school coursework']",False
NDT Global,Embedded Software Developer (m/w/d),Stutensee,['berufserfahren'],"['Embedded Systems', 'Firmware Development']",False
eFLY Marketplace Services GmbH,Praktikum im Rahmen einer Umschulung (Marketing oder E-Commerce) (m/w/d),Stuttgart,['Internship'],['Marketing and Communication'],False
eFLY Marketplace Services GmbH,Online Marketing Manager (m/w/d),Stuttgart,[],['Marketing Manager'],False
eFLY Marketplace Services GmbH,Grafikdesigner (m/w/d),Stuttgart,[],['Marketing and Communication'],False
eFLY Marketplace Services GmbH,Quereinstieg für Bankkaufleute (m/w/d) - Jetzt im E-Commerce durchstarten,Stuttgart,['Internship'],['Marketing and Communication'],False
eFLY Marketplace Services GmbH,Praktikum Marketing Manager (m/w/d),Stuttgart,['Internship'],['Marketing and Communication'],False
eFLY Marketplace Services GmbH,Performance Manager (m/w/d),Stuttgart,[],['Marketing and Communication'],False
eFLY Marketplace Services GmbH,Key Account Manager (m/w/d) - Online Marktplätze,Stuttgart,[],['Marketing and Communication'],False
Salfy (SalLab GmbH),"Fullstack-Entwickler:in (Django, Vue.js, React Native) m/w/d",Berlin,['berufserfahren'],['Software Development'],False
IONOS SE,Senior UX Designer (w/m/d) - AI Agent Conversational Experience,Karlsruhe,[],['Product Management'],False
sparkm GmbH & Co. KG,Global Head of Business Intelligence (m/w/d),Darmstadt,['teamleitung'],['IT'],False
SBC Steuerberater Rechtsanwälte GbR,Steuerfachangestellter / Steuerfachwirt / Bilanzbuchhalter / Trainee Steuerberatung (m/w/d),Bad Homburg,['hilfstätigkeit / student'],"['Training', 'Development']",False
SBC Steuerberater Rechtsanwälte GbR,Steuerfachangestellter / Steuerfachwirt / Bilanzbuchhalter / Trainee Steuerberatung (m/w/d),Darmstadt,['hilfstätigkeit / student'],"['Training', 'Development']",False
eBazaaris,Account & Project Manager - Fokus Retail Media (m/w/d),Cologne,[],['Marketing and Communication'],False
eBazaaris,Account & Project Manager - Fokus Retail Media (m/w/d),Hamburg,[],['Marketing and Communication'],False
eBazaaris,Account Manager (E-Commerce & Retail Media) (m/w/d),Düsseldorf,[],['Marketing and Communication'],False
eBazaaris,Account Manager (E-Commerce & Retail Media) (m/w/d),Stuttgart,[],['Marketing and Communication'],False
eBazaaris,Account Manager (E-Commerce & Retail Media) (m/w/d),Berlin,[],['Marketing and Communication'],False
Gläser & Gehrmann GmbH Steuerberatungsgesellschaft,Steuerassistent (m/w/d) 45.000 - 65.000€ Jahresgehalt,Hamburg,[],['Finance'],False
eBazaaris,Account Manager Pharma (m/w/d),Frankfurt am Main,[],['Marketing and Communication'],False
eBazaaris,Account Manager Pharma (m/w/d),Munich,[],['Marketing and Communication'],False
Gläser & Gehrmann GmbH Steuerberatungsgesellschaft,Steuerfachwirt (m/w/d) - bis 70.000€ Jahresgehalt,Hamburg,[],['Finance'],False
eBazaaris,Account Manager Pharma (m/w/d),Berlin,[],"['Remote', 'Marketing and Communication']",True
Brauerei Schimpfle GmbH & Co KG,Werkstudent (m/w/d) im Marketing,Gessertshausen,['Working student'],['Marketing and Communication'],False
CUJU,Content Manager (m/w/d),Hamburg,[],['Marketing and Communication'],False
Personalberatung Susan Lange,Steuerfachangestellte (m/w/d) in Voll- oder Teilzeit,Rostock,[],['Finance'],False
Memodo,Head of E-Commerce (m/w/d),Munich,['berufserfahren'],['Marketing and Communication'],False
Memodo,Country Marketing Manager*in,Munich,['berufserfahren'],['Marketing and Communication'],False
MEDAG GmbH,Projektleiter (m/w/d) im Stahlbau,Erbach an der Donau,['teamleitung'],['Engineering'],False
Intercon Solutions GmbH,IT-Systemadministrator (m/w/d) Jetzt den nächsten Karriereschritt gehen!,Mainz,[],['System and Network Administration'],False
Intercon Solutions GmbH,IT-Systemadministrator (m/w/d) Jetzt den nächsten Karriereschritt gehen!,Halle (Saale),[],['System and Network Administration'],False
Intercon Solutions GmbH,IT-Systemadministrator (m/w/d) Jetzt den nächsten Karriereschritt gehen!,Würzburg,[],['System and Network Administration'],False
Intercon Solutions GmbH,IT-Systemadministrator (m/w/d) Jetzt den nächsten Karriereschritt gehen!,Bielefeld,[],['System and Network Administration'],False
Intercon Solutions GmbH,IT-Systemadministrator (m/w/d) Jetzt den nächsten Karriereschritt gehen!,Potsdam,[],['System and Network Administration'],False
Intercon Solutions GmbH,IT-Systemadministrator (m/w/d) Jetzt den nächsten Karriereschritt gehen!,Leipzig,[],['System and Network Administration'],False
Intercon Solutions GmbH,IT-Systemadministrator (m/w/d) Jetzt den nächsten Karriereschritt gehen!,Dresden,[],['System and Network Administration'],False
Intercon Solutions GmbH,IT-Systemadministrator (m/w/d) Jetzt den nächsten Karriereschritt gehen!,Braunschweig,[],['System and Network Administration'],False
John Doe Gmbh,Test Manager,Berlin,['manager'],"['Quality Assurance', 'Inspection']",False
Intercon Solutions GmbH,IT-Systemadministrator (m/w/d) Jetzt den nächsten Karriereschritt gehen!,Magdeburg,[],['System and Network Administration'],False
Intercon Solutions GmbH,IT-Systemadministrator (m/w/d) Jetzt den nächsten Karriereschritt gehen!,Berlin,[],['System and Network Administration'],False
Intercon Solutions GmbH,IT-Systemadministrator (m/w/d) Jetzt den nächsten Karriereschritt gehen!,Rostock,[],['System and Network Administration'],False
Accurids GmbH,Solution Engineer (f/m/d),Aachen,['professional / experienced'],['Software Development'],False
Intercon Solutions GmbH,IT-Systemadministrator (m/w/d) Jetzt den nächsten Karriereschritt gehen!,Hamburg,[],['System and Network Administration'],False
HiddenTable App,Social Media / Marketing (Werkstudent:in / Minijob),Hamburg,['Side'],['Social Media Manager'],False
Intercon Solutions GmbH,IT-Systemadministrator (m/w/d) Jetzt den nächsten Karriereschritt gehen!,Bremen,[],['System and Network Administration'],False
Intercon Solutions GmbH,IT-Systemadministrator (m/w/d) Jetzt den nächsten Karriereschritt gehen!,Hanover,[],['System and Network Administration'],False
Intercon Solutions GmbH,IT-Systemadministrator (m/w/d) Jetzt den nächsten Karriereschritt gehen!,Hamburg,[],['System and Network Administration'],False
HiddenTable App,Social Media / Marketing (Werkstudent:in / Minijob),Hamburg,['Side'],['Social Media Manager'],False
Intercon Solutions GmbH,IT-Systemadministrator (m/w/d) Jetzt den nächsten Karriereschritt gehen!,Bremen,[],['System and Network Administration'],False
Intercon Solutions GmbH,IT-Systemadministrator (m/w/d) Jetzt den nächsten Karriereschritt gehen!,Hanover,[],['System and Network Administration'],False
Intercon Solutions GmbH,IT-Systemadministrator (m/w/d) Jetzt den nächsten Karriereschritt gehen!,Münster,[],['System and Network Administration'],False
Greenbomb,Werkstudent*in Brand Marketing - Nachhaltige Mode,Halle (Saale),['Dual studies'],['Online Marketing'],False
Intercon Solutions GmbH,IT-Systemadministrator (m/w/d) Jetzt den nächsten Karriereschritt gehen!,Essen,[],['System and Network Administration'],False
Intercon Solutions GmbH,IT-Systemadministrator (m/w/d) Jetzt den nächsten Karriereschritt gehen!,Dortmund,[],['System and Network Administration'],False
Intercon Solutions GmbH,IT-Systemadministrator (m/w/d) Jetzt den nächsten Karriereschritt gehen!,Aachen,[],['System and Network Administration'],False
Intercon Solutions GmbH,IT-Systemadministrator (m/w/d) Jetzt den nächsten Karriereschritt gehen!,Düsseldorf,[],['System and Network Administration'],False
DORMA-Glas GmbH,Personalsachbearbeiter / Personalreferent (m/w/d),Bad Salzuflen,['berufserfahren'],['HR'],False
Intercon Solutions GmbH,IT-Systemadministrator (m/w/d) Jetzt den nächsten Karriereschritt gehen!,Cologne,[],['System and Network Administration'],False
Intercon Solutions GmbH,IT-Systemadministrator (m/w/d) Jetzt den nächsten Karriereschritt gehen!,Bonn,[],['System and Network Administration'],False
Intercon Solutions GmbH,IT-Systemadministrator (m/w/d) Jetzt den nächsten Karriereschritt gehen!,Koblenz,[],['System and Network Administration'],False
Intercon Solutions GmbH,IT-Systemadministrator (m/w/d) Jetzt den nächsten Karriereschritt gehen!,Darmstadt,[],['System and Network Administration'],False
Intercon Solutions GmbH,IT-Systemadministrator (m/w/d) Jetzt den nächsten Karriereschritt gehen!,Frankfurt,[],['System and Network Administration'],False
Intercon Solutions GmbH,IT-Systemadministrator (m/w/d) Jetzt den nächsten Karriereschritt gehen!,Freiburg im Breisgau,[],['System and Network Administration'],False
Intercon Solutions GmbH,IT-Systemadministrator (m/w/d) Jetzt den nächsten Karriereschritt gehen!,Karlsruhe,[],['System and Network Administration'],False
Intercon Solutions GmbH,IT-Systemadministrator (m/w/d) Jetzt den nächsten Karriereschritt gehen!,Stuttgart,[],['System and Network Administration'],False
K&R Advertising,Visual Designer (m/w/d),Frankfurt,[],"['Media', 'Screen and Web Design']",False
Intercon Solutions GmbH,IT-Systemadministrator (m/w/d) Jetzt den nächsten Karriereschritt gehen!,Ulm,[],['System and Network Administration'],False
Intercon Solutions GmbH,IT-Systemadministrator (m/w/d) Jetzt den nächsten Karriereschritt gehen!,Nuremberg,[],['System and Network Administration'],False
Intercon Solutions GmbH,IT-Systemadministrator (m/w/d) Jetzt den nächsten Karriereschritt gehen!,Augsburg,[],['System and Network Administration'],False
We Love X GmbH,CRO Product Owner (m/f/d),Berlin,['professional / experienced'],"['Remote', 'Marketing and Communication']",True
We Love X GmbH,SEA Manager (m/f/d) - German Speaking,Berlin,['professional / experienced'],"['Remote', 'Marketing and Communication']",True
Intercon Solutions GmbH,IT-Systemadministrator (m/w/d) Jetzt den nächsten Karriereschritt gehen!,Munich,['berufserfahren'],['System and Network Administration'],False
German Education Management GmbH,Trainee Buchhaltung mit Chinesischkenntnissen (w/m/d),Düsseldorf,"['Contract', 'berufseinstieg']",['Finance'],False
Babbel,Freelance SEO Manager (all genders),Berlin,[],['Marketing and Communication'],False
Nomitri,Experienced Full Stack Backend Engineer at fast growing Berlin AI company,Berlin,"['Full-time permanent', 'experienced']","['Engineering', ""master's degree""]",False
univativ GmbH,Technischer Mitarbeiter (m/w/d) Trafostationen,Parsberg,[],['Engineering'],False
Rochus Mummert digital GmbH,Servicemonteur im Außendienst (w/m/d),Ober-Mörlen,[],['Engineering'],False
Rochus Mummert digital GmbH,Projektleitung (w/m/d),Ober-Mörlen,[],['Engineering'],False
univativ GmbH,"IT - SAP ERP, SAP IS-U CRM, BW/BI/BO (m/w/d) Senior",Augsburg,[],['IT'],False
valantic Software & Technology Innovations GmbH,AI Developer* Professional,Eschborn,['berufserfahren'],['Software Development'],False
MGID,Campaign Manager (German speaker),Berlin,['professional / experienced'],"['Remote', 'Marketing and Communication']",True
Lecram Marketing,Social Media Marketing Manager,Müllheim,"['Freelance', 'berufserfahren']","['Remote', 'Online Marketing']",True
Lecram Marketing,Social Media Marketing Manager,Müllheim,['berufserfahren'],"['Remote', 'Online Marketing']",True
zacher media gmbh,Senior WordPress Webdesigner (m/w/d),Cologne,[],['Online Marketing'],False
Designerdock Berlin,Projekt Manager:in Werbeagentur,Berlin,['berufserfahren'],['Marketing and Communication'],False
H&H Ecommerce GmbH,Content - Ersteller:in,Nördlingen,"['Side', 'berufserfahren']","['Remote', 'Marketing and Communication']",True
head for work GmbH,Manager Projektteam (m/w/d),Heidenheim,[],['Engineering'],False
head for work GmbH,Kälteanlagenbauer/Kältetechniker/Kältemonteur (m/w/d),Amstetten,[],['Engineering'],False
Narravero GmbH,Web-Entwickler (m/w/d),Münster,['berufserfahren'],['IT'],False
Burgermeister,Executive Assistant (m/w/d)  für den CEO  Burgermeister,Berlin,['geschäftsleitung'],"['Directors', 'Chief Executives']",False
spized GmbH,Ads Creative Strategist (m/w/d),Cologne,['berufserfahren'],['Marketing and Communication'],False
spized GmbH,Paid Social Creative Strategist (m/w/d),Cologne,[],['Marketing and Communication'],False
Projektron GmbH,Funktionales Testen,Berlin,[],['IT'],False
Nextado GmbH,Werkstudent im Bereich Künstliche Intelligenz (KI) (m/w/d),Essen,['Working student'],['IT Security'],False
NRT Niederrheinische Treuhand GmbH,"Wirtschaftsprüfer / Prüfungsleiter (m/w/d) - Verantwortung übernehmen, Zukunft gestalten",Duisburg,[],['Auditor'],False
Projektron GmbH,Unterstützung / Administration Hostingumgebung,Berlin,['berufseinstieg'],['IT'],False
Projektron GmbH,Technische Beratung/IT Consulting,Berlin,[],"['Consulting', 'Engineering']",False
Projektron GmbH,IT-Administration,Berlin,['berufseinstieg'],['System and Network Administration'],False
Projektron GmbH,Entwicklung Java,Berlin,[],['Software Development'],False
Nextado GmbH,Werkstudent IT Security (m/w/d),Essen,['Working student'],['IT Security'],False
Biomatch GmbH,Senior Sales Controller (w/m/d),Bad Säckingen,[],['Finance'],False
Projektron GmbH,IT Support / Technische Kundenbetreuung,Berlin,[],['IT'],False
Projektron GmbH,Werkstudentenstelle - IT Support / Technische Kundenbetreuung,Berlin,['Working student'],['IT'],False
Nextado GmbH,Senior SAP Berechtigungsberater (m/w/d),Essen,[],"['SAP/ERP Consulting', 'Development']",False
rilaton GmbH,Call Center Agents für Telefon-Befragungen - Minijob im Homeoffice,Taunusstein,['Side'],"['Remote', 'Market Research', 'Analysis']",True
Rosenthal GmbH,Teamleiter (m/w/d) Debitoren/Kreditoren,Selb,['teamleitung'],['Finance'],False
TeleMatrix,Interviewer für telefonische Umfragen - Minijob im Homeoffice  (m/w/d),Mainz,['Side'],"['Remote', 'Market Research', 'Analysis']",True
ADVIMED Koblenz Steuerberatungsgesellschaft mbH,Sie haben einen soliden Job? Wie schade für Sie. Steuerfachangestellte (m/w/d) remote oder in Koblenz,Koblenz,[],['Finance'],False
ADVIMED Koblenz Steuerberatungsgesellschaft mbH,Sie rechnen jeden Monat Gehälter ab ... aber was ist mit Ihrem eigenen? Lohnbuchhalter (m/w/d) in Koblenz,Koblenz,[],['Finance'],False
BRÜGGEN ENGINEERING GmbH,Techniker (m/w/d) Verfahrenstechnik in der Chemieindustrie in Ludwigshafen am Rhein (1262),Ludwigshafen,[],['Engineering'],False
W+R GmbH,Junior Mediengestalter (m/w/d),Metzingen,[],['Marketing and Communication'],False
Biomatch GmbH,Warehouse Manager (m/w/d),Murg,[],['HR'],False
enretec GmbH,ERP Manager (m/w/d),Velten,['berufserfahren'],['IT'],False
Biomatch GmbH,Personalreferent (m/w/d),Bad Säckingen,[],['HR'],False
enretec GmbH,IT-Projektmanager ERP und CRM (m/w/d),Velten,['berufserfahren'],['IT'],False
DatAds,Online Kommunikation & Marketing Manager / Startup  /Ecommerce (w/m/d),Cologne,[],"['Remote', 'Marketing and Communication']",True
Dellner Bubenzer Germany Wind GmbH,ERP Dynamics Specialist (all genders),Dorsten,['professional / experienced'],['Business Intelligence'],False
Dellner Bubenzer Germany Wind GmbH,Global Finance Manager (all genders),Dorsten,['manager'],"['Management', 'Team Leader']",False
FlexIT Consulting GmbH,IT Service Manager (m/w/d),Dortmund,['berufserfahren'],['IT'],False
Ines Scholz Steuerberatungsgesellschaft,Datenmanager/Softwareentwickler (m/w/d),Zwickau,[],['IT'],False
Ines Scholz Steuerberatungsgesellschaft,Business Developer (m/w/d),Zwickau,[],['Marketing and Communication'],False
Ines Scholz Steuerberatungsgesellschaft,Softwareentwickler (m/w/d) | 40.000 € - 60.000 € Jahresgehalt,Zwickau,[],['Software Development'],False
Collinor Software GmbH,Entwickler:in,Birkenau,['berufserfahren'],['Software Development'],False
tecRacer Germany GmbH,(Senior) AWS Cloud Consultant – SAP on AWS (Migration & Modernization) (m/w/d),Hanover,['berufserfahren'],"['Remote', 'Business Consulting']",True
Search4Talent GmbH & Co. KG,IT-Support und System Specialist (m/w/d),Brunnthal,[],['System and Network Administration'],False
BendtConsulting,Werkstudent im Bereich E-Mail Design (m/w/d),Elsdorf,"['Working student', 'berufseinstieg']","['Remote', 'CRM', 'Direct Marketing']",True
BendtConsulting,Freelance E-Mail Designer (m/w/d),Elsdorf,['Freelance'],"['Remote', 'CRM', 'Direct Marketing']",True
baesh social UG,"Content Marketing Intern: Mandatory Internship, Berlin",Berlin,"['Internship', 'no experience required / student']",['Marketing and Communication'],False
RemoteClip,"E-Mail Marketing Spezialist (m/w/d) (mit Fokus auf Outbound-Kampagnen, Clay & KI-Automatisierung)",Hamburg,[],['Marketing and Communication'],False
Ullenboom Baby,Design & Produktentwicklung,Cologne,"['Working student', 'hilfstätigkeit / student']","['Product Design', 'Industrial Design']",False
Kinderarztpraxis Dr. Karl Nißler,MFA für Kinderarztpraxis in Leipzig,Leipzig,['berufserfahren'],['HR'],False
ENTENDIX GmbH,Backend Developer/ Engineer - IoT & Data (m/w/d),Cologne,[],['Software Development'],False
MAILODY GmbH,Inbound Opener Setter (m/f/d) | 100% Remote,Berlin,[],"['Remote', 'Marketing and Communication']",True
B2C Fintech,Senior Backend Developer / DevOps,Berlin,['professional / experienced'],['Software Development'],False
B2C Fintech,Founding Head of Marketing/Growth,Berlin,['executive'],['Marketing Manager'],False
B2C Fintech,Senior Backend Developer / AI Engineer,Berlin,['professional / experienced'],['Software Development'],False
techculture GmbH,(Senior) Manager (m/w/d) Information Security,Frankfurt am Main,[],['IT Security'],False
techculture GmbH,(Senior) Manager (m/w/d) Cyber Resilience,Düsseldorf,[],['IT Security'],False
Lionflence,Content Creator (m/w/d),Mülheim,[],['Online Marketing'],False
Lionflence,Artist Manager / Influencer Manager (m/w/d),Mülheim,[],['Marketing and Communication'],False
Lionflence,Junior Artist Manager / Influencer Manager (m/w/d),Berlin,[],['Marketing and Communication'],False
Lionflence,Junior Artist Manager / Influencer Manager (m/w/d),Berlin,[],['Marketing and Communication'],False
Lionflence,Artist Manager / Influencer Manager (m/w/d) BERLIN,Berlin,[],['Marketing and Communication'],False
Roger Rankel DER EXPERTE FÜR KUNDENGEWINNUNG,Content & Social Producer,Munich,[],['Social Media Manager'],False
Paintgun,Art Director,Berlin,"['Freelance', 'manager']","['Remote', 'Graphic Arts and Communication Design']",True
BonaTea GmbH,Performance Marketing Manager E-Commerce (m/w/d),Nuremberg,[],['Marketing and Communication'],False
BonaTea GmbH,Marktplatz Manager - Schwerpunkt Amazon (m/w/d),Nuremberg,[],['Marketing and Communication'],False
Space Four GmbH,UiUx Design Werkstudent:in (m/w/d),Bamberg,"['Working student', 'berufseinstieg']","['Media', 'Screen and Web Design']",False
Mark Henrik Meixner,Vermögensberater (m/w/d),Ludwigshafen,"['Side', 'berufseinstieg']",['Private Banking'],False
FELS trader GmbH,Sales Team Lead (m/w/d),Berlin,[],"['Remote', 'Online Marketing']",True
MAILODY GmbH,BDR (Setter) (m/f/d) | 100% Remote,Berlin,[],"['Remote', 'Marketing and Communication']",True
MAILODY GmbH,Marketingmanager:in (m/w/d) | 100% Remote,Berlin,['teamleitung'],"['Remote', 'Project Management']",True
acemate.ai,Social Media Marketing Manager (m/w/d),Berlin,['berufseinstieg'],['Marketing Manager'],False
Technikum Laubholz GmbH,Verfahrensingenieur /  Process Engineer (m/w/d),Berlin,[],"['Remote', 'IT']",True
Start To Finish Consulting GmbH,E-Commerce Lead (m/w/d),Hauenstein,['berufserfahren'],['Marketing and Communication'],False
AutoGyro GmbH,Design Engineer (m/f/d) SolidWorks / Aircraft Structures,Hildesheim,[],['Engineering'],False
FUTURAIL,Head of Safety and Systems Engineering,Munich,[],"['Management', 'Team Leader']",False
Recruid Deutschland,IT Berater (Junior) / Unternehmensberater / IT Consultant / Projektmanager / KI-Berater / KI-Analyst (m/w/d),Hamburg,['berufseinstieg'],"['Remote', 'Business Consulting']",True
WEC GmbH,Motivierte Teammitglieder für Eisbahn in Wiesbaden 2025/2026 gesucht! (m/w/d),Wiesbaden,['Contract'],['HR'],False
WEC GmbH,Teammitglied bei WIESBADEN ON ICE 2025 / 2026 (m/w/d),Wiesbaden,['Side'],['HR'],False
Recruid Deutschland,Projektmanager (Junior) / Scrum Master / Product Owner / Agile Coach / IT-Berater Consultant,Hamburg,['berufseinstieg'],"['Remote', 'Project Management']",True
Recruid Deutschland,IT-Support Mitarbeiter (m/w/d) Inbound Kundenservice (100% Homeoffice) - Quereinstieg möglich,Hamburg,['berufseinstieg'],"['Remote', 'Helpdesk']",True
Omnora GmbH,Talent Acquisition Manager (m/w/d),Frankfurt,['berufseinstieg'],['Recruitment and Selection'],False
Zeitschel IT-Dienstleistungen GmbH,Fachinformatiker,Herzogenaurach,[],['IT'],False
Digitale Leute School | DL Education,Junior Software Entwickler (m/w/d),Berlin,[],['Software Development'],False
Digitale Leute School | DL Education,Junior Software Entwickler (m/w/d),Cologne,[],['Software Development'],False
Digitale Leute School | DL Education,Junior Software Entwickler (m/w/d),Munich,[],"['Remote', 'Software Development']",True
Digitale Leute School | DL Education,Junior Software Entwickler (m/w/d),Hamburg,[],['Software Development'],False
Digitale Leute School | DL Education,Junior Software Entwickler (m/w/d),Frankfurt am Main,[],['Software Development'],False
Digitale Leute School | DL Education,Junior Software Entwickler (m/w/d),Munich,[],['Software Development'],False
Alphapet Ventures GmbH,Senior Software Engineer (Odoo / ERP) (m/w/d) - Remote,Munich,['professional / experienced'],"['Remote', 'Software Development']",True
Alphapet Ventures GmbH,Senior Software Engineer (Odoo / ERP) (m/w/d),Munich,['berufserfahren'],"['Remote', 'Software Development']",True
Liebscher & Bracht Schmerzfrei GmbH,(Senior) Full-Stack Growth Marketer (m/w/d) E-Commerce,Frankfurt am Main,"['Full-time permanent', 'experienced']","['Marketing and pr', 'professional']",False
Elisana Digital GmbH,Full-Stack Developer (m/w/d),Dorsten,['berufserfahren'],['Software Development'],False
Pont Connects e.K.,Senior System Engineer / DevOps Engineer (m/w/d) 100 % Remote,Düsseldorf,['berufserfahren'],"['Remote', 'IT']",True
Livello GmbH,Marketing Allrounder (m/w/d) für unser IoT Startup,Düsseldorf,[],['Marketing and Communication'],False
Pont Connects e.K.,(Senior) IT Netzwerkadministrator:in (m/w/d) Düsseldorf,Düsseldorf,['berufserfahren'],['System and Network Administration'],False
persolowa,Versicherungskaufmann/-frau (m/w/d),Erfurt,[],['Finance'],False
maze GmbH,Ausbildung zur Marketingkauffrau (m/w/d),Osnabrück,[],['Marketing and Communication'],False
maze GmbH,Digital Content Creator (m/w/d),Osnabrück,[],['Social Media Manager'],False
univativ GmbH,Referent (m/w/d) Rechnungswesen,Hanover,[],['Finance'],False
Teaching Socials,"Viral Short-Form Copywriter (m/w/d) – Reels, TikToks & YouTube Shorts",Mannheim,['berufserfahren'],"['Remote', 'Marketing and Communication']",True
YOC AG,Product Owner (m/f/x),Berlin,['professional / experienced'],['Software Development'],False
YOC AG,Product Owner (m/w/d),Berlin,['berufserfahren'],['Software Development'],False
SPRIND GmbH,Lead Engineer (m/f/d),Leipzig,['berufserfahren'],"['Remote', 'Software Development']",True
ITM Power,ERP Systems Support Specialist (m/w/d),Linden,['berufserfahren'],"['SAP/ERP Consulting', 'Development']",False
Lionflence,Artist Manager / Influencer Manager (m/w/d) BERLIN,Berlin,[],['Marketing and Communication'],False
Lionflence,Junior Artist Manager / Influencer Manager (m/w/d),Berlin,[],['Marketing and Communication'],False
Lionflence,Junior Artist Manager / Influencer Manager (m/w/d),Berlin,[],['Marketing and Communication'],False
Lionflence,Artist Manager / Influencer Manager (m/w/d),Mülheim,[],['Marketing and Communication'],False
GROPYUS Technologies GmbH,Senior Software Engineer,Eppingen,['manager'],['Software Development'],False
Teaching Socials,CRM & Funnel Manager (m/w/d),Mannheim,['berufserfahren'],"['Remote', 'IT']",True
DOLZER Maßkonfektionäre,Marketing Allrounder:in (m/w/d) - Organisationstalent mit digitalem Mindset,Cologne,[],['Marketing and Communication'],False
Selbstläufer GmbH,"IT-Systemadministration (m/w/d) - Implemetierung, Automatisierung, Support (Remote-First)",Hamburg,[],"['Remote', 'IT']",True
VONNESLHO,Finanzberater:in,Ahorn,['berufserfahren'],['Private Banking'],False
IndustryLens,Technical Co-Founder - IndustryLens (AI Competitive Intelligence Platform),Berlin,['executive'],"['Remote', 'Software Development']",True
Bling,Vice President Finance (m/w/d),Berlin,['berufserfahren'],['Business Development'],False
Intercon Solutions GmbH,IT Support Engineer (m/w/d) Werde unser Technik-Hero!,Heidelberg,[],['IT'],False
flatexDEGIRO AG,Werkstudent/in Wertpapierabwicklung - Portfolio Transfer (m/w/d),Neuss,"['Working student', 'hilfstätigkeit / student']",['Finance'],False
Gleitsmann Security Inks GmbH (GSI),Mitarbeiter IT-Support und Administration (w/m/d),Berlin,['berufseinstieg'],['Administration'],False
Scavenger AI,Projektmanager / Solution Engineer (m/w/d),Berlin,['berufserfahren'],['Project Management'],False
SPRIND GmbH,PR und Kommunikation Manager:in (m/w/d),Leipzig,['berufserfahren'],"['Remote', 'Public Relations', 'Corporate Communication']",True
Intercon Solutions GmbH,IT-Support Engineer (m/w/d) Technik-Held gesucht!,Heidelberg,[],['IT'],False
CTG Consulting GmbH,Executive Program Manager (all genders),Düsseldorf,[],['Project Management'],False
TCC GmbH,Senior Full Stack Developer (m/w/d) - Backend Focus,Hamburg,[],['IT'],False
Pitchview GmbH,Account Manager (m/w/d) (75% bis 100%),Freiburg im Breisgau,['berufserfahren'],['Distribution Marketing'],False
Autohaus Royal GmbH,Fahrzeugaufbereiter / Fahrzeugpfleger (m/w/d),Ludwigsfelde,[],['Automotive Engineering'],False
maze GmbH,Grafikdesigner / Mediengestalter (m/w/d),Osnabrück,[],['Marketing and Communication'],False
likeyaa GmbH,(Junior) Projektmanager:in Influencer Marketing (w/m/d),Dortmund,['teamleitung'],['Project Management'],False
univativ GmbH,Einkäufer (m/w/d),Bad Essen,[],['Finance'],False
adjoe GmbH,Working Student - Quality Assurance (f/m/d),Hamburg,['Working student'],['Business Development'],False
FKS IT GmbH & Co. KG,Netzwerk- und Firewall-Consultant (m/w/d),Hamburg,['berufserfahren'],"['Consulting', 'Engineering']",False
SIDES (SimplyDelivery GmbH),Founders Associate - Working Student (m/w/d),Berlin,"['Working student', 'berufseinstieg']",['Software Development'],False
JobAtlas,Technischer Zeichner (m/w/d) - Erneuerbare Energien,Hanover,[],['Project Management'],False
DCM,Trade Marketing Manager (m/w/d),Berlin,[],['Marketing and Communication'],False
CUJU,Performance Marketing Manager (m/w/d),Hamburg,['berufserfahren'],['Marketing Manager'],False
MY Humancapital GmbH,Datenerfasser (m/w/d),Munich,[],['Database Administration'],False
cierra GmbH,Unity Game Developer (m/w/d),Göttingen,[],['Software Development'],False
Catella Engineering GmbH,Planungsingenieur Brennstoffzellenproduktion (m/w/d),Kirchheim unter Teck,[],['Engineering'],False
MY Humancapital GmbH,Projektkoordinator Kundenschulung (m/w/d),Munich,[],['Project Management'],False
361 GRAD DIGITAL GmbH,Screendesigner für Content / Social Media / Online-Marketing (m/w/d),Leonberg,['berufserfahren'],"['Remote', 'Media', 'Screen and Web Design']",True
wabcon,"Rookie Full - Stack - Entwickler:in / Fullstack Entwicklung, remote und Mittwochs in Berlin, 70.000 - 85.000",Berlin,['berufserfahren'],['Software Development'],False
wabcon,"Rookie Requirements Analyst:in Requirements Engineer (m/w/d), remote und Mittwochs in Berlin, 50.000 - 70.000",Berlin,['berufserfahren'],['Software Development'],False
wabcon,"Rookie Product Owner (m/w/d), remote und Mittwochs in Berlin, 60.000 - 75.000",Berlin,['berufserfahren'],['Product Management'],False
wabcon,"Product Owner (m/w/d), remote und Mittwochs in Berlin, 60.000 - 75.000",Berlin,['berufserfahren'],['Product Management'],False
wabcon,"Requirements Analyst:in Requirements Engineer (m/w/d), remote und Mittwochs in Berlin, 50.000 - 70.000",Berlin,['berufserfahren'],['Software Development'],False
wabcon,"Full - Stack - Entwickler:in / Fullstack Entwicklung, remote und Mittwochs in Berlin, 70.000 - 85.000",Berlin,['berufserfahren'],['Software Development'],False
Intercon Solutions GmbH,IT-Systemadministrator / Cyber Secruity (m/w/d) gesucht,Chemnitz,[],['System and Network Administration'],False
Busold Consulting GmbH,Learning & Development Specialist,Dortmund,['berufserfahren'],"['Training', 'Development']",False
